"Group","Spread MAE","Spread Rank","Total MAE","Total Rank","Pass MAE","Pass Rank"
1,16.6666666666667,8,11.1333333333333,4,NA,1
2,11.1333333333333,2,10.9333333333333,2,NA,2
3,11.4533333333333,3,11.4456476,6,NA,3
5,13.2666666666667,5,13.9333333333333,8,NA,4
6,12.0715698924667,4,11.2066297613333,5,NA,5
7,14.94,7,13.6266666666667,7,NA,6
8,10.7728149333333,1,11.1126366666667,3,NA,7
9,13.6764793333333,6,10.7732793333333,1,NA,8
