"Group","Spread MAE","Spread Rank","Total MAE","Total Rank","OREB MAE","OREB Rank"
1,12.0015416666667,4,19.3630295872119,8,4.41258189444585,3
2,11.9516666666667,3,15.24,3,4.4075,2
3,15.24636153635,9,19.0842391625,7,4.28328714116667,1
4,13.4796953530485,8,18.8585833333333,6,4.83597095133767,7
5,11.8764809922463,2,110.111544255349,9,18.8622280947306,9
6,11.7486667873062,1,14.878300553247,2,4.43323120690724,4
8,12.176,5,14.17875,1,4.92933333333333,8
9,13.3224412471335,6,18.2591666666667,5,4.64525,6
10,13.46875,7,15.9242566341667,4,4.48291049441667,5
