"Group","Spread MAE","Spread Rank","Total MAE","Total Rank","Pass MAE","Pass Rank"
1,16.2619047619048,8,11.0952380952381,5,83.3095238095238,4
2,12.0714285714286,3,10.1904761904762,1,84.0952380952381,5
3,11.5785714285714,1,10.7446337366667,3,77.1142857142857,2
4,19.0952380952381,9,15.1031263278571,9,288.491982480952,9
5,13.047619047619,5,14.6190476190476,8,147.190476190476,8
6,12.6177402027143,4,10.730189737619,2,87.0673805714286,6
7,13.8904761904762,7,14.002380952381,7,73.5238095238095,1
8,11.8205015238095,2,11.7308752380952,6,81.1298071309524,3
9,13.6144923809524,6,10.7806421428571,4,90.1647902380952,7
