"Group","Spread MAE","Spread Rank","Total MAE","Total Rank","OREB MAE","OREB Rank"
1,12.6254463519313,4,19.1994738914263,8,4.13512763409618,2
2,12.5085836909871,2,15.3150214592275,3,4.1519313304721,4
3,15.8176862361545,9,18.850025960515,7,4.14712260459227,3
4,13.9847495453296,7,18.6896137339056,6,4.50194891482637,8
5,12.7931121282715,5,111.222607206294,9,19.1729494317446,9
6,12.0709720140232,1,15.1290136873556,2,4.12966748539291,1
8,12.6145922746781,3,14.7143776824034,1,4.44832618025751,7
9,13.6377899539285,6,17.6729613733906,5,4.18875536480687,5
10,14.438025751073,8,15.9602763270386,4,4.23040450240343,6
