"Group","Spread MAE","Spread Rank","Total MAE","Total Rank","OREB MAE","OREB Rank"
1,8.39971428571429,4,13.5826330471796,5,3.21904586356281,2
2,9.11428571428571,5,12.5571428571429,3,3.25714285714286,3
3,6.70484705671429,2,14.2680538857143,6,3.72410842428571,5
4,5.49087642262874,1,12.0157142857143,2,4.62631300305274,6
5,7.32945088396377,3,102.408336716649,9,18.0157076608976,9
6,9.29851415182673,6,11.8117757971242,1,3.43056152245319,4
8,10.1285714285714,8,13.0042857142857,4,5.07142857142857,8
9,17.0622638695321,9,43.7571428571429,8,4.70285714285714,7
10,9.74857142857143,7,14.5775378714286,7,3.16591764285714,1
