"Group","Spread MAE","Spread Rank","Total MAE","Total Rank","OREB MAE","OREB Rank"
1,12.2277039473684,4,18.7940097386859,7,4.22022671584038,5
2,12.1717105263158,3,14.8493421052632,3,4.12368421052632,2
3,15.1067558512566,9,19.2084205881579,8,4.06119209046053,1
4,13.5815394349629,7,18.2782236842105,6,4.5560881362733,8
5,12.1123926296802,2,110.724923002001,9,18.7924740893964,9
6,11.8081424824489,1,14.6343619039002,2,4.22017081284729,4
8,12.2284868421053,5,14.1675657894737,1,4.51302631578947,7
9,13.3343463607283,6,17.4901315789474,5,4.32519736842105,6
10,13.7028289473684,8,15.4840642697368,4,4.19701852381579,3
