"Group","Spread MAE","Spread Rank","Total MAE","Total Rank","Pass MAE","Pass Rank"
1,14.1549295774648,8,11.5915492957746,4,86.5070422535211,4
2,11.056338028169,2,10.7746478873239,1,89.8732394366197,5
3,10.7464788732394,1,11.2664671914085,3,81.7211267605634,2
4,16.9014084507042,9,15.7893429860563,9,296.871242785916,9
5,11.7605633802817,5,14.5070422535211,8,159.535211267606,8
6,11.7296121221268,4,11.2579050249296,2,92.8872051535211,7
7,13.0197183098592,7,13.9197183098592,7,81.3661971830986,1
8,11.0656811408451,3,12.1228971830986,5,84.0443106901408,3
9,12.9936918309859,6,13.0350450704225,6,91.6706618309859,6
