"Group","Spread MAE","Spread Rank","Total MAE","Total Rank","Pass MAE","Pass Rank"
1,18.9642857142857,8,11.25,5,89.3571428571429,5
2,12.8928571428571,3,10.4642857142857,1,88.0714285714286,4
3,12.7892857142857,2,11.0563939857143,4,82.825,2
4,20.75,9,13.35221439,7,304.871035442857,9
5,14.7857142857143,5,14.4642857142857,9,149.607142857143,8
6,14.0865042454286,4,10.9469064028571,3,89.7686139928571,6
7,15.1857142857143,6,13.7214285714286,8,77.0714285714286,1
8,12.6406636428571,1,12.3326421428571,6,87.18860845,3
9,15.7420189285714,7,10.7913807142857,2,96.5689196428571,7
