"Group","Spread MAE","Spread Rank","Total MAE","Total Rank","OREB MAE","OREB Rank"
1,10.2822857142857,1,17.5702936733229,6,3.90208600135644,2
2,10.6063492063492,4,14.1761904761905,3,4.07777777777778,5
3,14.3046051574762,9,18.3349272365079,7,3.5541231152381,1
4,11.3325079786565,6,16.9911111111111,5,4.3542291101763,7
5,10.4289605135937,3,107.446221055459,9,19.9949071521114,9
6,10.3873391243451,2,13.7194678389214,2,3.99089440271591,4
8,11.0357142857143,5,13.4688888888889,1,4.45777777777778,8
9,12.381542797648,8,18.4,8,4.1568253968254,6
10,12.3668253968254,7,14.408047447619,4,3.96026152079365,3
