Group,Spread MAE,Spread Rank,Total MAE,Total Rank,Pass MAE,Pass Rank
1,16.66666667,9,11.13333333,4,97.66666667,3
2,11.13333333,2,10.93333333,2,103.4666667,6
3,11.45333333,3,11.4456476,6,90.39333333,2
4,15.2,8,15.16362696,9,290.8185402,9
5,13.26666667,5,13.93333333,8,151.6666667,8
6,12.07156989,4,11.20662976,5,101.7057613,5
7,14.94,7,13.62666667,7,88.26666667,1
8,10.77281493,1,11.11263667,3,98.02891255,4
9,13.67647933,6,10.77327933,1,110.9509767,7
